{
  "ultrawarm": false,
  "natural": false,
  "piglin_safe": true,
  "respawn_anchor_works": false,
  "bed_works": true,
  "has_raids": false,
  "has_skylight": true,
  "has_ceiling": false,
  "coordinate_scale": 1,
  "ambient_light": 0.5,
  "fixed_time": 6000,
  "logical_height": 256,
  "effects": "minecraft:overworld",
  "infiniburn": "#minecraft:infiniburn_overworld",
  "min_y": 0,
  "height": 256,
  "monster_spawn_light_level": 1,
  "monster_spawn_block_light_limit": 1
}
