{
    "type": "minecraft:chest",
    "pools": [
      {
        "rolls": {
          "min": 1,
          "max": 1
        },
        "bonus_rolls": {
          "min": 0,
          "max": 0
        },
        "entries": [
          {
            "type": "minecraft:item",
            "name": "minecraft:goat_horn",
            "functions": [
              {
                "function": "minecraft:set_count",
                "count": {
                  "min": 1,
                  "max": 1
                }
              }
            ]
          }
        ]
      },
      {
        "rolls": {
          "min": 1,
          "max": 1
        },
        "bonus_rolls": {
          "min": 0,
          "max": 0
        },
        "entries": [
          {
            "type": "minecraft:item",
            "name": "minecraft:spore_blossom",
            "functions": [
              {
                "function": "minecraft:set_count",
                "count": {
                  "min": 3,
                  "max": 4
                }
              }
            ]
          }
        ]
      },
      {
        "rolls": {
          "min": 1,
          "max": 1
        },
        "bonus_rolls": {
          "min": 0,
          "max": 0
        },
        "entries": [
          {
            "type": "minecraft:item",
            "name": "minecraft:echo_shard",
            "functions": [
              {
                "function": "minecraft:set_count",
                "count": {
                  "min": 4,
                  "max": 6
                }
              }
            ]
          }
        ]
      },
      {
        "rolls": {
          "min": 1,
          "max": 1
        },
        "bonus_rolls": {
          "min": 0,
          "max": 0
        },
        "entries": [
          {
            "type": "minecraft:item",
            "name": "minecraft:amethyst_cluster",
            "functions": [
              {
                "function": "minecraft:set_count",
                "count": {
                  "min": 8,
                  "max": 13
                }
              }
            ]
          }
        ]
      },
      {
        "rolls": {
          "min": 1,
          "max": 1
        },
        "bonus_rolls": {
          "min": 0,
          "max": 0
        },
        "entries": [
          {
            "type": "minecraft:item",
            "name": "minecraft:dragon_breath",
            "functions": [
              {
                "function": "minecraft:set_count",
                "count": {
                  "min": 3,
                  "max": 7
                }
              }
            ]
          }
        ]
      },
      {
        "rolls": {
          "min": 1,
          "max": 1
        },
        "bonus_rolls": {
          "min": 0,
          "max": 0
        },
        "entries": [
          {
            "type": "minecraft:item",
            "name": "minecraft:enchanted_golden_apple",
            "functions": [
              {
                "function": "minecraft:set_count",
                "count": {
                  "min": 1,
                  "max": 1
                }
              }
            ]
          }
        ]
      },
      {
        "rolls": {
          "min": 1,
          "max": 1
        },
        "bonus_rolls": {
          "min": 0,
          "max": 0
        },
        "entries": [
          {
            "type": "minecraft:item",
            "name": "minecraft:budding_amethyst",
            "functions": [
              {
                "function": "minecraft:set_count",
                "count": {
                  "min": 1,
                  "max": 1
                }
              }
            ]
          }
        ]
      }
    ]
  }
  