{
    "condition": "minecraft:entity_properties",
    "entity": "this",
    "predicate": {
        "type": "minecraft:player",
        "location": {
            "position": {
                "x": {
                    "min": 0,
                    "max": 1
                },
                "y": 70,
                "z": {
                    "min": 0,
                    "max": 1
                }
            },
            "dimension": "minecraft:overworld"
        },
        "stepping_on": {
            "block": {
                "blocks": [
                    "minecraft:gold_block"
                ]
            }
        }
    }
}
